url_path,views_total,views_unique
/shalenMathew/MovieFlix_App,276,245
/shalenMathew/MovieFlix_App/releases/tag/v1.3,42,34
/shalenMathew/MovieFlix_App/releases,27,25
/shalenMathew/MovieFlix_App/tree/master,11,7
/shalenMathew/MovieFlix_App/tree/master/app,8,4
/shalenMathew/MovieFlix_App/tree/master/app/src/main/res,5,1
/offa/android-foss,4,4
/shalenMathew/MovieFlix_App/issues,4,4
/shalenMathew/MovieFlix_App/tree/master/app/src,4,2
/shalenMathew/MovieFlix_App/blob/master/app/src/main/java/com/shalenmathew/movieflix/data/network/ApiClient.kt,4,1
